Year,Tech,CAPEX($/kW),Fix OPEX($/kW-yr),Variable OPEX ($/kW-yr),InterconnectionCost($/kW)
2030,Terrestrial Wind,950,38.95,0,141
2040,Terrestrial Wind,855,36.02875,0,141
2050,Terrestrial Wind,760,33.1075,0,141
2030,Offshore Wind,3775.703166,65.25499844,0,141
2040,Offshore Wind,3437.149633,58.44419334,0,141
2050,Offshore Wind,3233.238199,54.13464343,0,141
2030,Solar,751.5513599,15.22157173,0,88
2040,Solar,684.5816992,14.22571798,0,88
2050,Solar,617.6120385,13.25232813,0,88