Year,Tech,CAPEX($/kW),Fix OPEX($/kW-yr),Variable OPEX ($/kW-yr)
2030,Terrestrial Wind,1091,38.95,0
2040,Terrestrial Wind,996,36.02875,0
2050,Terrestrial Wind,901,33.1075,0
2030,Offshore Wind,3916.703166,65.25499844,0
2040,Offshore Wind,3578.149633,58.44419334,0
2050,Offshore Wind,3374.238199,54.13464343,0
2030,Solar,839.5513599,15.22157173,0
2040,Solar,772.5816992,14.22571798,0
2050,Solar,705.6120385,13.25232813,0